<?xml version="1.0" encoding="UTF-8" standalone="yes"?>
<rest-connector xmlns="http://www.softwareag.com/cloudstreams/metadata/handler/model" id="com.softwareag.cloudstreams.workable_v3" version="1.0" group="WorkableV3" name="WorkableV3" displayName="WorkableV3">
    <connections>
        <connection type="sagcloud" name="SAG_Connection" displayName="SAG_Connection">
            <groups>
                <group type="connection" name="connection" displayName="Connection">
                    <description>Define the required connection configurations to initiate communication with the SaaS provider.</description>
                    <fields>
                        <field isRequired="true" isEncrypted="false" isHidden="false" isArray="false" defaultValue="https://www.workable.com/spi/v3" name="cn.providerUrl" displayName="Server URL">
                            <description>The native provider endpoint target for the connection configuration</description>
                        </field>
                    </fields>
                </group>
                <group type="custom" name="custom" displayName="Custom">
                    <description>Define any custom configurations specific to the SaaS provider.</description>
                    <fields>
                        <field type="string" isRequired="true" isEncrypted="false" isHidden="false" isArray="false" modelType="Basic" name="cx.Authorization" displayName="API Key"/>
                    </fields>
                </group>
            </groups>
        </connection>
    </connections>
    <services>
        <service xmlns:xsi="http://www.w3.org/2001/XMLSchema-instance" xsi:type="RESTServiceType" endpoint="${cn.providerUrl}" name="default_resourcegroup" displayName="Default_ResourceGroup">
            <documentModel packageName="." nsName="com.softwareag.cloudstreams.workable_v3.default_resourcegroup.doctypes" useInlineModel="true"/>
            <resources>
                <mappings/>
                <resource method="GET" path="/accounts" type="SIMPLE" name="getaccounts" displayName="accounts">
                    <mappings>
                        <map isRequired="true" context="IN" name="Content-Type">
                            <source type="LITERAL">application/json</source>
                            <target type="HEADER">Content-Type</target>
                        </map>
                        <map isRequired="true" context="IN" name="Authorization">
                            <source type="IDATA">cx.Authorization</source>
                            <target type="HEADER">Authorization</target>
                        </map>
                    </mappings>
                    <parameters/>
                    <responses>
                        <response name="getAccountsDetails_Success" code="200" messageFormatterType="application/octet+idataoref" builderType="application/json" documentRef="com.softwareag.cloudstreams.workable_v3.default_resourcegroup.doctypes:getAccountsDetails_Success" excludeRoot="true" dimension="0"/>
                    </responses>
                </resource>
            </resources>
        </service>
    </services>
</rest-connector>
