<?xml version="1.0" encoding="UTF-8" standalone="yes"?>
<rest-connector xmlns="http://www.softwareag.com/cloudstreams/metadata/handler/model" id="com.softwareag.cloudstreams.demoworkable_v3" version="1.0" group="DemoWorkable" name="DemoWorkable" displayName="DemoWorkable">
    <connections>
        <connection type="sagcloud" name="SAG_Connection" displayName="SAG_Connection">
            <groups>
                <group type="connection" name="connection" displayName="Connection">
                    <description>Define the required connection configurations to initiate communication with the SaaS provider.</description>
                    <fields>
                        <field isRequired="true" isEncrypted="false" isHidden="false" isArray="false" defaultValue="https://subdomain.workable.com/spi/v3" name="cn.providerUrl" displayName="Server URL">
                            <description>The native provider endpoint target for the connection configuration</description>
                        </field>
                    </fields>
                </group>
                <group type="custom" name="custom" displayName="Custom">
                    <description>Define any custom configurations specific to the SaaS provider.</description>
                    <fields>
                        <field type="string" isRequired="true" isEncrypted="false" isHidden="false" isArray="false" modelType="Basic" name="cx.Authorization" displayName="ApI_Key"/>
                    </fields>
                </group>
            </groups>
        </connection>
    </connections>
    <services>
        <service xmlns:xsi="http://www.w3.org/2001/XMLSchema-instance" xsi:type="RESTServiceType" endpoint="${cn.providerUrl}" name="default_resourcegroup" displayName="Default_ResourceGroup">
            <documentModel packageName="." nsName="com.softwareag.cloudstreams.demoworkable_v3.default_resourcegroup.doctypes" useInlineModel="true"/>
            <resources>
                <mappings>
                    <map isRequired="true" isFixed="true" context="IN" name="Authorization" displayName="Authorization">
                        <source type="IDATA">cx.Authorization</source>
                        <target type="HEADER">Authorization</target>
                    </map>
                    <map isRequired="true" isFixed="true" context="IN" name="Content-Type" displayName="Content-Type">
                        <source type="LITERAL">application/json</source>
                        <target type="HEADER">Content-Type</target>
                    </map>
                </mappings>
                <resource method="GET" path="/members" type="SIMPLE" name="getListmembers" displayName="Listmembers">
                    <mappings/>
                    <parameters>
                        <parameter name="limit" style="QUERYSTRING_PARAM" defaultValue="10"/>
                        <parameter name="since_id" style="QUERYSTRING_PARAM"/>
                        <parameter name="max_id" style="QUERYSTRING_PARAM"/>
                        <parameter name="role" style="QUERYSTRING_PARAM"/>
                        <parameter name="shortcode" style="QUERYSTRING_PARAM"/>
                    </parameters>
                    <responses>
                        <response name="listMembersFailureResponse" code="401" messageFormatterType="application/octet+idataoref" builderType="application/json" documentRef="com.softwareag.cloudstreams.demoworkable_v3.default_resourcegroup.doctypes:listMembersFailureResponse" excludeRoot="true" dimension="0"/>
                        <response name="listMembersSuccessResponse" code="200" messageFormatterType="application/octet+idataoref" builderType="application/json" documentRef="com.softwareag.cloudstreams.demoworkable_v3.default_resourcegroup.doctypes:listMembersSuccessResponse" excludeRoot="true" dimension="0"/>
                    </responses>
                </resource>
                <resource method="GET" path="/recruiters" type="SIMPLE" name="getListRecruiters" displayName="ListRecruiters">
                    <mappings/>
                    <parameters>
                        <parameter name="shortcode" style="QUERYSTRING_PARAM"/>
                    </parameters>
                    <responses>
                        <response name="listRecruitersSuccessResponse" code="200" messageFormatterType="application/octet+idataoref" builderType="application/json" documentRef="com.softwareag.cloudstreams.demoworkable_v3.default_resourcegroup.doctypes:listRecruitersSuccessResponse" excludeRoot="true" dimension="0"/>
                        <response name="listRecruitersFailureResponse" code="401" messageFormatterType="application/octet+idataoref" builderType="application/json" documentRef="com.softwareag.cloudstreams.demoworkable_v3.default_resourcegroup.doctypes:listRecruitersFailureResponse" excludeRoot="true" dimension="0"/>
                    </responses>
                </resource>
                <resource method="GET" path="/stages" type="SIMPLE" name="getStages" displayName="Stages">
                    <mappings/>
                    <parameters/>
                    <responses>
                        <response name="listStagesSuccessResponse" code="200" messageFormatterType="application/octet+idataoref" builderType="application/json" documentRef="com.softwareag.cloudstreams.demoworkable_v3.default_resourcegroup.doctypes:listStagesSuccessResponse" excludeRoot="true" dimension="0"/>
                        <response name="listStagesFailureResponse" code="401" messageFormatterType="application/octet+idataoref" builderType="application/json" documentRef="com.softwareag.cloudstreams.demoworkable_v3.default_resourcegroup.doctypes:listStagesFailureResponse" excludeRoot="true" dimension="0"/>
                    </responses>
                </resource>
                <resource method="GET" path="/jobs" type="SIMPLE" name="getlistJobs" displayName="listJobs">
                    <mappings/>
                    <parameters>
                        <parameter name="limit" style="QUERYSTRING_PARAM"/>
                        <parameter name="since_id" style="QUERYSTRING_PARAM"/>
                        <parameter name="max_id" style="QUERYSTRING_PARAM"/>
                        <parameter name="created_after" style="QUERYSTRING_PARAM"/>
                        <parameter name="updated_after" style="QUERYSTRING_PARAM"/>
                        <parameter name="include_fields" style="QUERYSTRING_PARAM"/>
                    </parameters>
                    <responses>
                        <response name="listJobsSuccessResponse" code="200" messageFormatterType="application/octet+idataoref" builderType="application/json" documentRef="com.softwareag.cloudstreams.demoworkable_v3.default_resourcegroup.doctypes:listJobsSuccessResponse" excludeRoot="true" dimension="0"/>
                        <response name="listJobsFailureResponse1" code="404" messageFormatterType="application/octet+idataoref" builderType="application/json" documentRef="com.softwareag.cloudstreams.demoworkable_v3.default_resourcegroup.doctypes:listJobsFailureResponse1" excludeRoot="true" dimension="0"/>
                        <response name="listJobsFailureResponse" code="401" messageFormatterType="application/octet+idataoref" builderType="application/json" documentRef="com.softwareag.cloudstreams.demoworkable_v3.default_resourcegroup.doctypes:listJobsFailureResponse" excludeRoot="true" dimension="0"/>
                    </responses>
                </resource>
                <resource method="GET" path="/jobs/{shortcode}" type="SIMPLE" name="getlistJobsWithShortCode" displayName="listJobsWithShortCode">
                    <mappings/>
                    <parameters>
                        <parameter name="shortcode" isRequired="true" style="URI_CONTEXT"/>
                    </parameters>
                    <responses>
                        <response name="listJobsWithShortCodeSuccessResponse" code="200" messageFormatterType="application/octet+idataoref" builderType="application/json" documentRef="com.softwareag.cloudstreams.demoworkable_v3.default_resourcegroup.doctypes:listJobsWithShortCodeSuccessResponse" excludeRoot="true" dimension="0"/>
                        <response name="listJobsWithShortCodeFailureResponse" code="401" messageFormatterType="application/octet+idataoref" builderType="application/json" documentRef="com.softwareag.cloudstreams.demoworkable_v3.default_resourcegroup.doctypes:listJobsWithShortCodeFailureResponse" excludeRoot="true" dimension="0"/>
                        <response name="listJobsWithShortCodeFailureResponse" code="404" messageFormatterType="application/octet+idataoref" builderType="application/json" documentRef="com.softwareag.cloudstreams.demoworkable_v3.default_resourcegroup.doctypes:listJobsWithShortCodeFailureResponse" excludeRoot="true" dimension="0"/>
                    </responses>
                </resource>
                <resource method="GET" path="/jobs/{shortcode}/{activities}" type="SIMPLE" name="getlistJobsWithShortCodeActivities1" displayName="listJobsWithShortCodeActivities">
                    <mappings/>
                    <parameters>
                        <parameter name="shortcode" isRequired="true" style="URI_CONTEXT"/>
                        <parameter name="activities" isRequired="true" style="URI_CONTEXT" defaultValue="activities" isFixed="true"/>
                    </parameters>
                    <responses>
                        <response name="listJobsWithShortCodeActivitiesSuccessResponse" code="200" messageFormatterType="application/octet+idataoref" builderType="application/json" documentRef="com.softwareag.cloudstreams.demoworkable_v3.default_resourcegroup.doctypes:listJobsWithShortCodeActivitiesSuccessResponse" excludeRoot="true" dimension="0"/>
                        <response name="listJobsWithShortCodeActivitiesFailureResponse" code="401" messageFormatterType="application/octet+idataoref" builderType="application/json" documentRef="com.softwareag.cloudstreams.demoworkable_v3.default_resourcegroup.doctypes:listJobsWithShortCodeActivitiesFailureResponse" excludeRoot="true" dimension="0"/>
                        <response name="listJobsWithShortCodeActivitiesFailureResponse" code="404" messageFormatterType="application/octet+idataoref" builderType="application/json" documentRef="com.softwareag.cloudstreams.demoworkable_v3.default_resourcegroup.doctypes:listJobsWithShortCodeActivitiesFailureResponse" excludeRoot="true" dimension="0"/>
                    </responses>
                </resource>
                <resource method="GET" path="/jobs/{shortcode}/{application_form}" type="SIMPLE" name="getlistJobsWithShortCodeApplication_Form" displayName="listJobsWithShortCodeApplication_Form">
                    <mappings/>
                    <parameters>
                        <parameter name="shortcode" isRequired="true" style="URI_CONTEXT"/>
                        <parameter name="application_form" isRequired="true" style="URI_CONTEXT" defaultValue="application_form" isFixed="true"/>
                    </parameters>
                    <responses>
                        <response name="listJobsWithShortCodeApplication_Form_SuccessResponse" code="200" messageFormatterType="application/octet+idataoref" builderType="application/json" documentRef="com.softwareag.cloudstreams.demoworkable_v3.default_resourcegroup.doctypes:listJobsWithShortCodeApplication_Form_SuccessResponse" excludeRoot="true" dimension="0"/>
                        <response name="listJobsWithShortCodeApplication_Form_FailureResponse" code="401" messageFormatterType="application/octet+idataoref" builderType="application/json" documentRef="com.softwareag.cloudstreams.demoworkable_v3.default_resourcegroup.doctypes:listJobsWithShortCodeApplication_Form_FailureResponse" excludeRoot="true" dimension="0"/>
                        <response name="listJobsWithShortCodeApplication_Form_FailureResponse1" code="404" messageFormatterType="application/octet+idataoref" builderType="application/json" documentRef="com.softwareag.cloudstreams.demoworkable_v3.default_resourcegroup.doctypes:listJobsWithShortCodeApplication_Form_FailureResponse1" excludeRoot="true" dimension="0"/>
                    </responses>
                </resource>
                <resource method="GET" path="/jobs/{shortcode}/{questions}" type="SIMPLE" name="getlistJobsWithShortCodeQuestions" displayName="listJobsWithShortCodeQuestions">
                    <mappings/>
                    <parameters>
                        <parameter name="shortcode" isRequired="true" style="URI_CONTEXT"/>
                        <parameter name="questions" isRequired="true" style="URI_CONTEXT" defaultValue="questions" isFixed="true"/>
                    </parameters>
                    <responses>
                        <response name="listJobsWithShortCodeQuestionsSuccessResponse" code="200" messageFormatterType="application/octet+idataoref" builderType="application/json" documentRef="com.softwareag.cloudstreams.demoworkable_v3.default_resourcegroup.doctypes:listJobsWithShortCodeQuestionsSuccessResponse" excludeRoot="true" dimension="0"/>
                        <response name="listJobsWithShortCodeQuestionsFailureResponse" code="401" messageFormatterType="application/octet+idataoref" builderType="application/json" documentRef="com.softwareag.cloudstreams.demoworkable_v3.default_resourcegroup.doctypes:listJobsWithShortCodeQuestionsFailureResponse" excludeRoot="true" dimension="0"/>
                        <response name="listJobsWithShortCodeQuestionsFailureResponse1" code="404" messageFormatterType="application/octet+idataoref" builderType="application/json" documentRef="com.softwareag.cloudstreams.demoworkable_v3.default_resourcegroup.doctypes:listJobsWithShortCodeQuestionsFailureResponse1" excludeRoot="true" dimension="0"/>
                    </responses>
                </resource>
                <resource method="GET" path="/jobs/{shortcode}/{stages}" type="SIMPLE" name="getlistJobsWithShortCodeStages" displayName="listJobsWithShortCodeStages">
                    <mappings/>
                    <parameters>
                        <parameter name="shortcode" isRequired="true" style="URI_CONTEXT"/>
                        <parameter name="stages" isRequired="true" style="URI_CONTEXT" defaultValue="stages" isFixed="true"/>
                    </parameters>
                    <responses>
                        <response name="listJobsWithShortCodeStagesSuccessResponse" code="200" messageFormatterType="application/octet+idataoref" builderType="application/json" documentRef="com.softwareag.cloudstreams.demoworkable_v3.default_resourcegroup.doctypes:listJobsWithShortCodeStagesSuccessResponse" excludeRoot="true" dimension="0"/>
                        <response name="listJobsWithShortCodeStagesFailureResponse" code="401" messageFormatterType="application/octet+idataoref" builderType="application/json" documentRef="com.softwareag.cloudstreams.demoworkable_v3.default_resourcegroup.doctypes:listJobsWithShortCodeStagesFailureResponse" excludeRoot="true" dimension="0"/>
                    </responses>
                </resource>
                <resource method="GET" path="/candidates" type="SIMPLE" name="getlistCandidates" displayName="listCandidates">
                    <mappings/>
                    <parameters>
                        <parameter name="shortcode" style="QUERYSTRING_PARAM"/>
                        <parameter name="stage" style="QUERYSTRING_PARAM"/>
                        <parameter name="limit" style="QUERYSTRING_PARAM"/>
                        <parameter name="since_id" style="QUERYSTRING_PARAM" dataType="String"/>
                        <parameter name="max_id" style="QUERYSTRING_PARAM" dataType="String"/>
                        <parameter name="created_after" style="QUERYSTRING_PARAM"/>
                        <parameter name="updated_after" style="QUERYSTRING_PARAM"/>
                    </parameters>
                    <responses>
                        <response name="listCandidatesSuccessResponse" code="200" messageFormatterType="application/octet+idataoref" builderType="application/json" documentRef="com.softwareag.cloudstreams.demoworkable_v3.default_resourcegroup.doctypes:listCandidatesSuccessResponse" excludeRoot="true" dimension="0"/>
                        <response name="listCandidatesFailureResponse" code="401" messageFormatterType="application/octet+idataoref" builderType="application/json" documentRef="com.softwareag.cloudstreams.demoworkable_v3.default_resourcegroup.doctypes:listCandidatesFailureResponse" excludeRoot="true" dimension="0"/>
                        <response name="listCandidatesFailureResponse" code="404" messageFormatterType="application/octet+idataoref" builderType="application/json" documentRef="com.softwareag.cloudstreams.demoworkable_v3.default_resourcegroup.doctypes:listCandidatesFailureResponse" excludeRoot="true" dimension="0"/>
                    </responses>
                </resource>
                <resource method="POST" path="/jobs/{shortcode}/{candidates}" type="SIMPLE" name="postCreateCandidates" displayName="CreateCandidates">
                    <mappings>
                        <map isRequired="true" isFixed="true" context="IN" name="Accept">
                            <source type="LITERAL">application/json</source>
                            <target type="HEADER">Accept</target>
                        </map>
                    </mappings>
                    <parameters>
                        <parameter name="shortcode" isRequired="true" style="URI_CONTEXT"/>
                        <parameter name="candidates" isRequired="true" style="URI_CONTEXT" defaultValue="candidates" isFixed="true"/>
                        <parameter name="stage" style="QUERYSTRING_PARAM"/>
                    </parameters>
                    <request name="createCandidateRequest" messageFormatterType="application/json" builderType="application/octet+idataoref" documentRef="com.softwareag.cloudstreams.demoworkable_v3.default_resourcegroup.doctypes:createCandidateRequest" excludeRoot="true" dimension="0"/>
                    <responses>
                        <response name="createCandidatesFailureResponse" code="422" messageFormatterType="application/octet+idataoref" builderType="application/json" documentRef="com.softwareag.cloudstreams.demoworkable_v3.default_resourcegroup.doctypes:createCandidatesFailureResponse" excludeRoot="true" dimension="0"/>
                        <response name="createCandidatesSuccessResponse" code="201" messageFormatterType="application/octet+idataoref" builderType="application/json" documentRef="com.softwareag.cloudstreams.demoworkable_v3.default_resourcegroup.doctypes:createCandidatesSuccessResponse" excludeRoot="true" dimension="0"/>
                        <response name="createCandidatesFailureResponse1" code="401" messageFormatterType="application/octet+idataoref" builderType="application/json" documentRef="com.softwareag.cloudstreams.demoworkable_v3.default_resourcegroup.doctypes:createCandidatesFailureResponse1" excludeRoot="true" dimension="0"/>
                        <response name="createCandidatesFailureResponse2" code="404" messageFormatterType="application/octet+idataoref" builderType="application/json" documentRef="com.softwareag.cloudstreams.demoworkable_v3.default_resourcegroup.doctypes:createCandidatesFailureResponse2" excludeRoot="true" dimension="0"/>
                    </responses>
                </resource>
                <resource method="GET" path="/candidates/{id}" type="SIMPLE" name="getlistCandidatesWithID" displayName="listCandidatesWithID">
                    <mappings/>
                    <parameters>
                        <parameter name="id" isRequired="true" style="URI_CONTEXT"/>
                    </parameters>
                    <responses>
                        <response name="listCandidatesWithIDSuccessResponse" code="200" messageFormatterType="application/octet+idataoref" builderType="application/json" documentRef="com.softwareag.cloudstreams.demoworkable_v3.default_resourcegroup.doctypes:listCandidatesWithIDSuccessResponse" excludeRoot="true" dimension="0"/>
                        <response name="listCandidatesWithIDFailureResponse" code="401" messageFormatterType="application/octet+idataoref" builderType="application/json" documentRef="com.softwareag.cloudstreams.demoworkable_v3.default_resourcegroup.doctypes:listCandidatesWithIDFailureResponse" excludeRoot="true" dimension="0"/>
                        <response name="listCandidatesWithIDFailureResponse1" code="404" messageFormatterType="application/octet+idataoref" builderType="application/json" documentRef="com.softwareag.cloudstreams.demoworkable_v3.default_resourcegroup.doctypes:listCandidatesWithIDFailureResponse1" excludeRoot="true" dimension="0"/>
                    </responses>
                </resource>
                <resource method="PATCH" path="/candidates" type="SIMPLE" name="patchUpdateCandidatesWithID" displayName="UpdateCandidatesWithID">
                    <mappings>
                        <map isRequired="true" isFixed="true" context="IN" name="Accept">
                            <source type="LITERAL">application/json</source>
                            <target type="HEADER">Accept</target>
                        </map>
                    </mappings>
                    <parameters>
                        <parameter name="id" isRequired="true" style="QUERYSTRING_PARAM"/>
                    </parameters>
                    <request name="UpdateCandidatesRequest" messageFormatterType="application/json" builderType="application/octet+idataoref" documentRef="com.softwareag.cloudstreams.demoworkable_v3.default_resourcegroup.doctypes:UpdateCandidatesRequest" excludeRoot="true" dimension="0"/>
                    <responses>
                        <response name="updateCandidatesWithIDSuccessResponse" code="200" messageFormatterType="application/octet+idataoref" builderType="application/json" documentRef="com.softwareag.cloudstreams.demoworkable_v3.default_resourcegroup.doctypes:updateCandidatesWithIDSuccessResponse" excludeRoot="true" dimension="0"/>
                        <response name="updateCandidatesWithIDFailureResponse" code="422" messageFormatterType="application/octet+idataoref" builderType="application/json" documentRef="com.softwareag.cloudstreams.demoworkable_v3.default_resourcegroup.doctypes:updateCandidatesWithIDFailureResponse" excludeRoot="true" dimension="0"/>
                        <response name="updateCandidatesWithIDFailureResponse1" code="401" messageFormatterType="application/octet+idataoref" builderType="application/json" documentRef="com.softwareag.cloudstreams.demoworkable_v3.default_resourcegroup.doctypes:updateCandidatesWithIDFailureResponse1" excludeRoot="true" dimension="0"/>
                        <response name="updateCandidatesWithIDFailureResponse1" code="404" messageFormatterType="application/octet+idataoref" builderType="application/json" documentRef="com.softwareag.cloudstreams.demoworkable_v3.default_resourcegroup.doctypes:updateCandidatesWithIDFailureResponse1" excludeRoot="true" dimension="0"/>
                    </responses>
                </resource>
            </resources>
        </service>
    </services>
</rest-connector>
